<?xml version="1.0" encoding="utf-8"?>
<?xml-stylesheet type='text/xsl' href='ConversionLogFile.xsl'?>
<LogFile projectName="项目1_V15.1_1" typeText="类型" messageText="消息" timeText="时间">
  <MessageCell ServiceId="80" MessageId="30" MessageClass="Information" Timestamp="2023/3/29 8:46:46">
    <Number ServiceNumber="80" MessageNumber="30" />
    <Text FeedbackText="已开始升级" />
    <Help HelpId="-1" />
  </MessageCell>
  <Details ServiceId="80" MessageId="30" Timestamp="2023/3/29 8:46:47" Debug="false">
    <Text>Reorganization succeed!</Text>
  </Details>
  <MessageCell ServiceId="80" MessageId="30" MessageClass="Information" Timestamp="2023/3/29 8:46:48">
    <Number ServiceNumber="80" MessageNumber="30" />
    <Text FeedbackText="CheckRepair lost+found objects" />
    <Help HelpId="-1" />
  </MessageCell>
  <Details ServiceId="80" MessageId="30" Timestamp="2023/3/29 8:46:48" Debug="false">
    <Text>No error is detected.</Text>
  </Details>
  <MessageCell ServiceId="80" MessageId="30" MessageClass="Information" Timestamp="2023/3/29 8:46:48">
    <Number ServiceNumber="80" MessageNumber="30" />
    <Text FeedbackText="CheckRepair missing bidirectional links" />
    <Help HelpId="-1" />
  </MessageCell>
  <Details ServiceId="80" MessageId="30" Timestamp="2023/3/29 8:46:48" Debug="false">
    <Text>No error is detected.</Text>
  </Details>
  <Details ServiceId="80" MessageId="30" Timestamp="2023/3/29 8:46:58" Debug="false">
    <Text>Not invalidating fingerprints for protected object: HSC[SFB124]</Text>
  </Details>
  <Details ServiceId="80" MessageId="30" Timestamp="2023/3/29 8:46:58" Debug="false">
    <Text>Not invalidating fingerprints for protected object: TSEND[SFB150]</Text>
  </Details>
  <Details ServiceId="80" MessageId="30" Timestamp="2023/3/29 8:46:58" Debug="false">
    <Text>Not invalidating fingerprints for protected object: RCV_PTP_SFB[SFB114]</Text>
  </Details>
  <Details ServiceId="80" MessageId="30" Timestamp="2023/3/29 8:46:58" Debug="false">
    <Text>Not invalidating fingerprints for protected object: SEND_PTP_SFB[SFB113]</Text>
  </Details>
  <Details ServiceId="80" MessageId="30" Timestamp="2023/3/29 8:46:58" Debug="false">
    <Text>Not invalidating fingerprints for protected object: TCON[SFB109]</Text>
  </Details>
  <Details ServiceId="80" MessageId="30" Timestamp="2023/3/29 8:46:58" Debug="false">
    <Text>Not invalidating fingerprints for protected object: Send_P2P[FB613]</Text>
  </Details>
  <Details ServiceId="80" MessageId="30" Timestamp="2023/3/29 8:46:58" Debug="false">
    <Text>Not invalidating fingerprints for protected object: F_TRIG[FB1002]</Text>
  </Details>
  <Details ServiceId="80" MessageId="30" Timestamp="2023/3/29 8:46:58" Debug="false">
    <Text>Not invalidating fingerprints for protected object: CTRL_PTO_SFB[SFB123]</Text>
  </Details>
  <Details ServiceId="80" MessageId="30" Timestamp="2023/3/29 8:46:58" Debug="false">
    <Text>Not invalidating fingerprints for protected object: TRCV[SFB151]</Text>
  </Details>
  <Details ServiceId="80" MessageId="30" Timestamp="2023/3/29 8:46:58" Debug="false">
    <Text>Not invalidating fingerprints for protected object: ATH_SFC[SFC198]</Text>
  </Details>
  <Details ServiceId="80" MessageId="30" Timestamp="2023/3/29 8:46:58" Debug="false">
    <Text>Not invalidating fingerprints for protected object: RDREC_SFB[SFB52]</Text>
  </Details>
  <Details ServiceId="80" MessageId="30" Timestamp="2023/3/29 8:46:58" Debug="false">
    <Text>Not invalidating fingerprints for protected object: WRREC_SFB[SFB53]</Text>
  </Details>
  <MessageCell ServiceId="80" MessageId="30" MessageClass="Information" Timestamp="2023/3/29 8:47:00">
    <Number ServiceNumber="80" MessageNumber="30" />
    <Text FeedbackText="正在转换交叉引用信息。" />
    <Help HelpId="-1" />
  </MessageCell>
  <MessageCell ServiceId="80" MessageId="30" MessageClass="Information" Timestamp="2023/3/29 8:47:00">
    <Number ServiceNumber="80" MessageNumber="30" />
    <Text FeedbackText="交叉引用信息已成功创建." />
    <Help HelpId="-1" />
  </MessageCell>
  <MessageCell ServiceId="80" MessageId="30" MessageClass="Information" Timestamp="2023/3/29 8:47:01">
    <Number ServiceNumber="80" MessageNumber="30" />
    <Text FeedbackText="交叉引用信息转换完成。" />
    <Help HelpId="-1" />
  </MessageCell>
  <Details ServiceId="80" MessageId="30" Timestamp="2023/3/29 8:47:01" Debug="false">
    <Text>Package container 'Siemens.Simatic.Lang.S7BSW.V15.0.0.0.NonMandatory' was deleted</Text>
  </Details>
  <Details ServiceId="80" MessageId="30" Timestamp="2023/3/29 8:47:01" Debug="false">
    <Text>Product version 'Siemens.Simatic.STEP7.Basic:15.00.00.00' was deleted</Text>
  </Details>
  <MessageCell ServiceId="Automation-ObjectFrame-Feedbacks" MessageId="ConversionInfoTabProjectSucceeded" MessageClass="Success" Timestamp="2023/3/29 8:47:01">
    <Number ServiceNumber="80" MessageNumber="34" />
    <Text FeedbackText="项目 'G:\研究生\项目\0328-PLC\项目1\System\PEData.plf' 已成功升级并另存为项目 'G:\研究生\项目\0328-PLC\项目1_V15.1_1\System\PEData.plf'。" />
    <Help HelpId="-1" HelpFile="" />
  </MessageCell>
</LogFile>